{"cameraMode":{"drawMode":0,"name":"Shaded","section":"Shading Mode"},"sceneLighting":true,"audioPlay":false,"sceneViewState":{"showFog":true,"showMaterialUpdate":false,"showSkybox":true,"showFlares":true,"showImageEffects":true,"showParticleSystems":true},"in2DMode":false,"pivot":{"x":4.9738945960998539,"y":2.88582181930542,"z":-0.13010025024414063},"rotation":{"x":-0.20551688969135285,"y":0.12788261473178864,"z":-0.02709813602268696,"w":-0.9698852896690369},"size":9.166315078735352,"orthographic":false}